 -- insert some values ---------------------------------
INSERT INTO CLASSROOMS VALUES (111,1,'A');
INSERT INTO CLASSROOMS VALUES (222,2,'B');
INSERT INTO CLASSROOMS VALUES (333,3,'C');
INSERT INTO CLASSROOMS VALUES (444,4,'D'); 

INSERT INTO TEACHERS VALUES (220221111,'moatasem','moa@hotmail.com','12-JAN-09','0599884587','it');
INSERT INTO TEACHERS VALUES (220221112,'montaser','mont@hotmail.com','11-JAN-02','059985487','eng');
INSERT INTO TEACHERS VALUES (220221113,'ahmed','ahe@hotmail.com','12-JAN-09','0659865320','ai');
INSERT INTO TEACHERS VALUES (220221114,'nael','na@hotmail.com','25-JAN-09','0599884587','it');


INSERT INTO STUDENTS VALUES (120200000,'Ahmed Mansour','ah@hotmail.com','1-JAN-03','gaza');
INSERT INTO STUDENTS VALUES (120200001,  'Mohamed Mahmoud','mm@hotmail.com','05-JAN-04','gaza'); 
INSERT INTO STUDENTS VALUES (120200002,'Hassan Hussein', 'hh@hotmail.com','06-JAN-09','gaza');
INSERT INTO STUDENTS VALUES (120200003,'nael Mansour','nm@hotmail.com','09-JAN-03','gaza');
INSERT INTO STUDENTS VALUES (120200004,'jood Moatasem','jm@hotmail.com','11-JAN-09','gaza');
INSERT INTO STUDENTS VALUES (120200005,'islam sobhi','is@hotmail.com','03-JAN-03','gaza');
INSERT INTO STUDENTS VALUES (120200006,'Maher Zain','mz@hotmail.com','02-JAN-07','gaza');
INSERT INTO STUDENTS VALUES (120200007,'Mahmoud Mohammed',',m@hotmail.com','01-JAN-03','gaza');

INSERT INTO ENROLLMENT VALUES (120200000,111,'22-JAN-09');
INSERT INTO ENROLLMENT VALUES (120200001,222,'21-JAN-12');
INSERT INTO ENROLLMENT VALUES (120200002,333,'23-JAN-11');
INSERT INTO ENROLLMENT VALUES (120200003,444,'27-JAN-07');

INSERT INTO ENROLLMENT VALUES (120200004,444,'01-JAN-08');
INSERT INTO ENROLLMENT VALUES (120200005,222,'09-JAN-12');
INSERT INTO ENROLLMENT VALUES (120200006,111,'21-JAN-01');
INSERT INTO ENROLLMENT VALUES (120200007,444,'10-JAN-04');

INSERT INTO COURSES VALUES ('db', 'database','database database');
INSERT INTO COURSES VALUES ('math', 'MATH','MATH MATH MATH');
INSERT INTO COURSES VALUES ('ISSE', 'ISSE','ISSE ISSE ISSE');
INSERT INTO COURSES VALUES ('ETEC', 'ETEC','ETEC ETEC ETEC ');

INSERT INTO MARKS VALUES (120200000,'db',99,'11-JAN-08');
INSERT INTO MARKS VALUES (120200000,'ISSE',79,'21-JAN-02');
INSERT INTO MARKS VALUES (120200001,'db',60,'23-JAN-01');
INSERT INTO MARKS VALUES (120200003,'math',88,'12-JAN-05');
INSERT INTO MARKS VALUES (120200003,'ISSE',91,'12-JAN-05');
INSERT INTO MARKS VALUES (120200003,'ETEC',95,'12-JAN-05');
INSERT INTO MARKS VALUES (120200003,'db',96,'10-JAN-09');
INSERT INTO MARKS VALUES (120200002,'math',97,'12-JAN-05');
INSERT INTO MARKS VALUES (120200002,'ISSE',98,'12-JAN-05');
INSERT INTO MARKS VALUES (120200002,'ETEC',98,'12-JAN-05');
INSERT INTO MARKS VALUES (120200002,'db',92,'12-JAN-05');



INSERT INTO COURSE_TEACHER VALUES (100,220221111,'db');
INSERT INTO COURSE_TEACHER VALUES (101,220221111,'ETEC');
INSERT INTO COURSE_TEACHER VALUES (102,220221114,'db');
INSERT INTO COURSE_TEACHER VALUES (103,220221111,'db');

INSERT INTO STUDY_SCHEDULE VALUES (111, 100 ,'Saturday',to_date('10:00:00','HH24:MI:SS') ,to_date( '12:00:00','HH24:MI:SS') );
INSERT INTO STUDY_SCHEDULE VALUES (222, 100 ,'Sunday',to_date('11:00:00','HH24:MI:SS') ,to_date( '01:00:00','HH24:MI:SS') );
INSERT INTO STUDY_SCHEDULE VALUES (333, 100 ,'Monday',to_date('10:00:00','HH24:MI:SS') ,to_date( '12:00:00','HH24:MI:SS') );
INSERT INTO STUDY_SCHEDULE VALUES (444, 100 ,'Tuesday',to_date('10:30:00','HH24:MI:SS') ,to_date( '12:30:00','HH24:MI:SS') );
INSERT INTO STUDY_SCHEDULE VALUES (111, 101 ,'Saturday',to_date('10:00:00','HH24:MI:SS') ,to_date( '12:00:00','HH24:MI:SS') );
INSERT INTO STUDY_SCHEDULE VALUES (111, 102 ,'Wednesday',to_date('10:00:00','HH24:MI:SS') ,to_date( '12:00:00','HH24:MI:SS') );
INSERT INTO STUDY_SCHEDULE VALUES (111, 103 ,'Thursday',to_date('13:00:00','HH24:MI:SS') ,to_date( '19:00:00','HH24:MI:SS') );
